[{"timestamp": 1599107796463.409, "cyl_pres": 23.100000381469727, "lat_accel": 0.23253600299358368, "long_accel": 0.0, "yaw_rate": 0.013224399648606777, "cf_mdps_currmode": 0, "cf_mdps_stat": 0, "cf_mdps_wlmp": 0, "cr_mdps_drvtq": 0.0, "cr_mdps_strang": 0.0, "cf_mdps_def": false, "cr_mdps_outtq": 0.0, "cr_mdps_strcoltq": 0.0, "cr_mdps_strtq": 0.0, "sas_angle": 1.8702492713928223, "sas_speed": 0.0, "esc_off_step": 0, "cf_esc_act": false, "cf_esc_ctrmode": 0, "cf_esc_def": false, "cr_esc_strtqreq": 0.0, "whl_spd_fl": 0.0, "whl_spd_fr": 0.0, "whl_spd_rl": 0.0, "whl_spd_rr": 0.0, "aeb_failinfo": 0, "can1_alive": 0, "cr_yrs_latac": 0.0, "cr_yrs_yr": 0.0, "cf_yrs_ax": 0.0, "gear": 0, "acc_enable": 0, "driver_braking": 0, "driver_override": 0, "cf_gway_tsiglhsw": false, "cf_gway_tsigrhsw": false, "cf_clu_cruiseswmain": false, "cf_clu_cruiseswstate": 0}, {"timestamp": 1599107796483.4111, "cyl_pres": 23.100000381469727, "lat_accel": 0.26230400800704956, "long_accel": 0.0, "yaw_rate": 0.012626600451767445, "cf_mdps_currmode": 0, "cf_mdps_stat": 0, "cf_mdps_wlmp": 0, "cr_mdps_drvtq": 0.0, "cr_mdps_strang": 0.0, "cf_mdps_def": false, "cr_mdps_outtq": 0.0, "cr_mdps_strcoltq": 0.0, "cr_mdps_strtq": 0.0, "sas_angle": 1.8702492713928223, "sas_speed": 0.0, "esc_off_step": 0, "cf_esc_act": false, "cf_esc_ctrmode": 0, "cf_esc_def": false, "cr_esc_strtqreq": 0.0, "whl_spd_fl": 0.0, "whl_spd_fr": 0.0, "whl_spd_rl": 0.0, "whl_spd_rr": 0.0, "aeb_failinfo": 0, "can1_alive": 0, "cr_yrs_latac": 0.0, "cr_yrs_yr": 0.0, "cf_yrs_ax": 0.0, "gear": 0, "acc_enable": 0, "driver_braking": 0, "driver_override": 0, "cf_gway_tsiglhsw": false, "cf_gway_tsigrhsw": false, "cf_clu_cruiseswmain": false, "cf_clu_cruiseswstate": 0}, {"timestamp": 1599107796503.4011, "cyl_pres": 23.100000381469727, "lat_accel": 0.26230400800704956, "long_accel": 0.0, "yaw_rate": 0.012626600451767445, "cf_mdps_currmode": 0, "cf_mdps_stat": 0, "cf_mdps_wlmp": 0, "cr_mdps_drvtq": 0.0, "cr_mdps_strang": 0.0, "cf_mdps_def": false, "cr_mdps_outtq": 0.0, "cr_mdps_strcoltq": 0.0, "cr_mdps_strtq": 0.0, "sas_angle": 1.8702492713928223, "sas_speed": 0.0, "esc_off_step": 0, "cf_esc_act": false, "cf_esc_ctrmode": 0, "cf_esc_def": false, "cr_esc_strtqreq": 0.0, "whl_spd_fl": 0.0, "whl_spd_fr": 0.0, "whl_spd_rl": 0.0, "whl_spd_rr": 0.0, "aeb_failinfo": 0, "can1_alive": 0, "cr_yrs_latac": 0.0, "cr_yrs_yr": 0.0, "cf_yrs_ax": 0.0, "gear": 0, "acc_enable": 0, "driver_braking": 0, "driver_override": 0, "cf_gway_tsiglhsw": false, "cf_gway_tsigrhsw": false, "cf_clu_cruiseswmain": false, "cf_clu_cruiseswstate": 0}, {"timestamp": 1599107796523.4102, "cyl_pres": 23.100000381469727, "lat_accel": 0.2608399987220764, "long_accel": 0.0, "yaw_rate": 0.012626600451767445, "cf_mdps_currmode": 0, "cf_mdps_stat": 0, "cf_mdps_wlmp": 0, "cr_mdps_drvtq": 0.0, "cr_mdps_strang": 0.0, "cf_mdps_def": false, "cr_mdps_outtq": 0.0, "cr_mdps_strcoltq": 0.0, "cr_mdps_strtq": 0.0, "sas_angle": 1.8702492713928223, "sas_speed": 0.0, "esc_off_step": 0, "cf_esc_act": false, "cf_esc_ctrmode": 0, "cf_esc_def": false, "cr_esc_strtqreq": 0.0, "whl_spd_fl": 0.0, "whl_spd_fr": 0.0, "whl_spd_rl": 0.0, "whl_spd_rr": 0.0, "aeb_failinfo": 0, "can1_alive": 0, "cr_yrs_latac": 0.0, "cr_yrs_yr": 0.0, "cf_yrs_ax": 0.0, "gear": 0, "acc_enable": 0, "driver_braking": 0, "driver_override": 0, "cf_gway_tsiglhsw": false, "cf_gway_tsigrhsw": false, "cf_clu_cruiseswmain": false, "cf_clu_cruiseswstate": 0}, {"timestamp": 1599107796543.408, "cyl_pres": 22.799999237060547, "lat_accel": 0.23253600299358368, "long_accel": 0.0, "yaw_rate": 0.012626600451767445, "cf_mdps_currmode": 0, "cf_mdps_stat": 0, "cf_mdps_wlmp": 0, "cr_mdps_drvtq": 0.0, "cr_mdps_strang": 0.0, "cf_mdps_def": false, "cr_mdps_outtq": 0.0, "cr_mdps_strcoltq": 0.0, "cr_mdps_strtq": 0.0, "sas_angle": 1.8702492713928223, "sas_speed": 0.0, "esc_off_step": 0, "cf_esc_act": false, "cf_esc_ctrmode": 0, "cf_esc_def": false, "cr_esc_strtqreq": 0.0, "whl_spd_fl": 0.0, "whl_spd_fr": 0.0, "whl_spd_rl": 0.0, "whl_spd_rr": 0.0, "aeb_failinfo": 0, "can1_alive": 0, "cr_yrs_latac": 0.0, "cr_yrs_yr": 0.0, "cf_yrs_ax": 0.0, "gear": 0, "acc_enable": 0, "driver_braking": 0, "driver_override": 0, "cf_gway_tsiglhsw": false, "cf_gway_tsigrhsw": false, "cf_clu_cruiseswmain": false, "cf_clu_cruiseswstate": 0}, {"timestamp": 1599107796563.4102, "cyl_pres": 22.799999237060547, "lat_accel": 0.28572800755500793, "long_accel": -0.10000000149011612, "yaw_rate": 0.012626600451767445, "cf_mdps_currmode": 0, "cf_mdps_stat": 0, "cf_mdps_wlmp": 0, "cr_mdps_drvtq": 0.0, "cr_mdps_strang": 0.0, "cf_mdps_def": false, "cr_mdps_outtq": 0.0, "cr_mdps_strcoltq": 0.0, "cr_mdps_strtq": 0.0, "sas_angle": 1.8702492713928223, "sas_speed": 0.0, "esc_off_step": 0, "cf_esc_act": false, "cf_esc_ctrmode": 0, "cf_esc_def": false, "cr_esc_strtqreq": 0.0, "whl_spd_fl": 0.0, "whl_spd_fr": 0.0, "whl_spd_rl": 0.0, "whl_spd_rr": 0.0, "aeb_failinfo": 0, "can1_alive": 0, "cr_yrs_latac": 0.0, "cr_yrs_yr": 0.0, "cf_yrs_ax": 0.0, "gear": 0, "acc_enable": 0, "driver_braking": 0, "driver_override": 0, "cf_gway_tsiglhsw": false, "cf_gway_tsigrhsw": false, "cf_clu_cruiseswmain": false, "cf_clu_cruiseswstate": 0}, {"timestamp": 1599107796583.397, "cyl_pres": 22.799999237060547, "lat_accel": 0.31305599212646484, "long_accel": 0.0, "yaw_rate": 0.012626600451767445, "cf_mdps_currmode": 0, "cf_mdps_stat": 0, "cf_mdps_wlmp": 0, "cr_mdps_drvtq": 0.0, "cr_mdps_strang": 0.0, "cf_mdps_def": false, "cr_mdps_outtq": 0.0, "cr_mdps_strcoltq": 0.0, "cr_mdps_strtq": 0.0, "sas_angle": 1.8702492713928223, "sas_speed": 0.0, "esc_off_step": 0, "cf_esc_act": false, "cf_esc_ctrmode": 0, "cf_esc_def": false, "cr_esc_strtqreq": 0.0, "whl_spd_fl": 0.0, "whl_spd_fr": 0.0, "whl_spd_rl": 0.0, "whl_spd_rr": 0.0, "aeb_failinfo": 0, "can1_alive": 0, "cr_yrs_latac": 0.0, "cr_yrs_yr": 0.0, "cf_yrs_ax": 0.0, "gear": 0, "acc_enable": 0, "driver_braking": 0, "driver_override": 0, "cf_gway_tsiglhsw": false, "cf_gway_tsigrhsw": false, "cf_clu_cruiseswmain": false, "cf_clu_cruiseswstate": 0}, {"timestamp": 1599107796603.405, "cyl_pres": 22.799999237060547, "lat_accel": 0.3184239864349365, "long_accel": 0.0, "yaw_rate": 0.012541200034320354, "cf_mdps_currmode": 0, "cf_mdps_stat": 0, "cf_mdps_wlmp": 0, "cr_mdps_drvtq": 0.0, "cr_mdps_strang": 0.0, "cf_mdps_def": false, "cr_mdps_outtq": 0.0, "cr_mdps_strcoltq": 0.0, "cr_mdps_strtq": 0.0, "sas_angle": 1.8702492713928223, "sas_speed": 0.0, "esc_off_step": 0, "cf_esc_act": false, "cf_esc_ctrmode": 0, "cf_esc_def": false, "cr_esc_strtqreq": 0.0, "whl_spd_fl": 0.0, "whl_spd_fr": 0.0, "whl_spd_rl": 0.0, "whl_spd_rr": 0.0, "aeb_failinfo": 0, "can1_alive": 0, "cr_yrs_latac": 0.0, "cr_yrs_yr": 0.0, "cf_yrs_ax": 0.0, "gear": 0, "acc_enable": 0, "driver_braking": 0, "driver_override": 0, "cf_gway_tsiglhsw": false, "cf_gway_tsigrhsw": false, "cf_clu_cruiseswmain": false, "cf_clu_cruiseswstate": 0}, {"timestamp": 1599107796623.41, "cyl_pres": 22.799999237060547, "lat_accel": 0.24619999527931213, "long_accel": 0.0, "yaw_rate": 0.013566000387072563, "cf_mdps_currmode": 0, "cf_mdps_stat": 0, "cf_mdps_wlmp": 0, "cr_mdps_drvtq": 0.0, "cr_mdps_strang": 0.0, "cf_mdps_def": false, "cr_mdps_outtq": 0.0, "cr_mdps_strcoltq": 0.0, "cr_mdps_strtq": 0.0, "sas_angle": 1.8702492713928223, "sas_speed": 0.0, "esc_off_step": 0, "cf_esc_act": false, "cf_esc_ctrmode": 0, "cf_esc_def": false, "cr_esc_strtqreq": 0.0, "whl_spd_fl": 0.0, "whl_spd_fr": 0.0, "whl_spd_rl": 0.0, "whl_spd_rr": 0.0, "aeb_failinfo": 0, "can1_alive": 0, "cr_yrs_latac": 0.0, "cr_yrs_yr": 0.0, "cf_yrs_ax": 0.0, "gear": 0, "acc_enable": 0, "driver_braking": 0, "driver_override": 0, "cf_gway_tsiglhsw": false, "cf_gway_tsigrhsw": false, "cf_clu_cruiseswmain": false, "cf_clu_cruiseswstate": 0}, {"timestamp": 1599107796643.409, "cyl_pres": 22.799999237060547, "lat_accel": 0.25595998764038086, "long_accel": 0.0, "yaw_rate": 0.014249200001358986, "cf_mdps_currmode": 0, "cf_mdps_stat": 0, "cf_mdps_wlmp": 0, "cr_mdps_drvtq": 0.0, "cr_mdps_strang": 0.0, "cf_mdps_def": false, "cr_mdps_outtq": 0.0, "cr_mdps_strcoltq": 0.0, "cr_mdps_strtq": 0.0, "sas_angle": 1.8702492713928223, "sas_speed": 0.0, "esc_off_step": 0, "cf_esc_act": false, "cf_esc_ctrmode": 0, "cf_esc_def": false, "cr_esc_strtqreq": 0.0, "whl_spd_fl": 0.0, "whl_spd_fr": 0.0, "whl_spd_rl": 0.0, "whl_spd_rr": 0.0, "aeb_failinfo": 0, "can1_alive": 0, "cr_yrs_latac": 0.0, "cr_yrs_yr": 0.0, "cf_yrs_ax": 0.0, "gear": 0, "acc_enable": 0, "driver_braking": 0, "driver_override": 0, "cf_gway_tsiglhsw": false, "cf_gway_tsigrhsw": false, "cf_clu_cruiseswmain": false, "cf_clu_cruiseswstate": 0}]
