[{"timestamp": 1599107236963.4148, "cyl_pres": 0.8999999761581421, "lat_accel": 0.527288019657135, "long_accel": 0.5, "yaw_rate": 0.02577820047736168, "cf_mdps_currmode": 0, "cf_mdps_stat": 0, "cf_mdps_wlmp": 0, "cr_mdps_drvtq": 0.0, "cr_mdps_strang": 0.0, "cf_mdps_def": false, "cr_mdps_outtq": 0.0, "cr_mdps_strcoltq": 0.0, "cr_mdps_strtq": 0.0, "sas_angle": 3.6055667400360107, "sas_speed": 0.0, "esc_off_step": 0, "cf_esc_act": false, "cf_esc_ctrmode": 0, "cf_esc_def": false, "cr_esc_strtqreq": 0.0, "whl_spd_fl": 46.122047424316406, "whl_spd_fr": 46.278289794921875, "whl_spd_rl": 46.684513092041016, "whl_spd_rr": 46.90324783325195, "aeb_failinfo": 0, "can1_alive": 0, "cr_yrs_latac": 0.0, "cr_yrs_yr": 0.0, "cf_yrs_ax": 0.0, "gear": 0, "acc_enable": 0, "driver_braking": 0, "driver_override": 0, "cf_gway_tsiglhsw": false, "cf_gway_tsigrhsw": false, "cf_clu_cruiseswmain": false, "cf_clu_cruiseswstate": 0}, {"timestamp": 1599107236983.4111, "cyl_pres": 0.8999999761581421, "lat_accel": 0.5795040130615234, "long_accel": 0.5, "yaw_rate": 0.0256073996424675, "cf_mdps_currmode": 0, "cf_mdps_stat": 0, "cf_mdps_wlmp": 0, "cr_mdps_drvtq": 0.0, "cr_mdps_strang": 0.0, "cf_mdps_def": false, "cr_mdps_outtq": 0.0, "cr_mdps_strcoltq": 0.0, "cr_mdps_strtq": 0.0, "sas_angle": 3.6055667400360107, "sas_speed": 0.0, "esc_off_step": 0, "cf_esc_act": false, "cf_esc_ctrmode": 0, "cf_esc_def": false, "cr_esc_strtqreq": 0.0, "whl_spd_fl": 46.09080123901367, "whl_spd_fr": 46.278289794921875, "whl_spd_rl": 46.74700927734375, "whl_spd_rr": 46.96574401855469, "aeb_failinfo": 0, "can1_alive": 0, "cr_yrs_latac": 0.0, "cr_yrs_yr": 0.0, "cf_yrs_ax": 0.0, "gear": 0, "acc_enable": 0, "driver_braking": 0, "driver_override": 0, "cf_gway_tsiglhsw": false, "cf_gway_tsigrhsw": false, "cf_clu_cruiseswmain": false, "cf_clu_cruiseswstate": 0}, {"timestamp": 1599107237003.4321, "cyl_pres": 0.8999999761581421, "lat_accel": 0.4511600136756897, "long_accel": 0.5, "yaw_rate": 0.025436600670218468, "cf_mdps_currmode": 0, "cf_mdps_stat": 0, "cf_mdps_wlmp": 0, "cr_mdps_drvtq": 0.0, "cr_mdps_strang": 0.0, "cf_mdps_def": false, "cr_mdps_outtq": 0.0, "cr_mdps_strcoltq": 0.0, "cr_mdps_strtq": 0.0, "sas_angle": 3.6055667400360107, "sas_speed": 0.0, "esc_off_step": 0, "cf_esc_act": false, "cf_esc_ctrmode": 0, "cf_esc_def": false, "cr_esc_strtqreq": 0.0, "whl_spd_fl": 46.153297424316406, "whl_spd_fr": 46.340782165527344, "whl_spd_rl": 46.684513092041016, "whl_spd_rr": 46.99699020385742, "aeb_failinfo": 0, "can1_alive": 0, "cr_yrs_latac": 0.0, "cr_yrs_yr": 0.0, "cf_yrs_ax": 0.0, "gear": 0, "acc_enable": 0, "driver_braking": 0, "driver_override": 0, "cf_gway_tsiglhsw": false, "cf_gway_tsigrhsw": false, "cf_clu_cruiseswmain": false, "cf_clu_cruiseswstate": 0}, {"timestamp": 1599107237023.48, "cyl_pres": 0.8999999761581421, "lat_accel": 0.4179759919643402, "long_accel": 0.5, "yaw_rate": 0.026461400091648102, "cf_mdps_currmode": 0, "cf_mdps_stat": 0, "cf_mdps_wlmp": 0, "cr_mdps_drvtq": 0.0, "cr_mdps_strang": 0.0, "cf_mdps_def": false, "cr_mdps_outtq": 0.0, "cr_mdps_strcoltq": 0.0, "cr_mdps_strtq": 0.0, "sas_angle": 3.6055667400360107, "sas_speed": 0.0, "esc_off_step": 0, "cf_esc_act": false, "cf_esc_ctrmode": 0, "cf_esc_def": false, "cr_esc_strtqreq": 0.0, "whl_spd_fl": 46.18454360961914, "whl_spd_fr": 46.340782165527344, "whl_spd_rl": 46.96574401855469, "whl_spd_rr": 46.809505462646484, "aeb_failinfo": 0, "can1_alive": 0, "cr_yrs_latac": 0.0, "cr_yrs_yr": 0.0, "cf_yrs_ax": 0.0, "gear": 0, "acc_enable": 0, "driver_braking": 0, "driver_override": 0, "cf_gway_tsiglhsw": false, "cf_gway_tsigrhsw": false, "cf_clu_cruiseswmain": false, "cf_clu_cruiseswstate": 0}, {"timestamp": 1599107237043.4128, "cyl_pres": 0.8999999761581421, "lat_accel": 0.43749600648880005, "long_accel": 0.5, "yaw_rate": 0.027400799095630646, "cf_mdps_currmode": 0, "cf_mdps_stat": 0, "cf_mdps_wlmp": 0, "cr_mdps_drvtq": 0.0, "cr_mdps_strang": 0.0, "cf_mdps_def": false, "cr_mdps_outtq": 0.0, "cr_mdps_strcoltq": 0.0, "cr_mdps_strtq": 0.0, "sas_angle": 3.6055667400360107, "sas_speed": 0.0, "esc_off_step": 0, "cf_esc_act": false, "cf_esc_ctrmode": 0, "cf_esc_def": false, "cr_esc_strtqreq": 0.0, "whl_spd_fl": 46.122047424316406, "whl_spd_fr": 46.278289794921875, "whl_spd_rl": 46.84075164794922, "whl_spd_rr": 46.809505462646484, "aeb_failinfo": 0, "can1_alive": 0, "cr_yrs_latac": 0.0, "cr_yrs_yr": 0.0, "cf_yrs_ax": 0.0, "gear": 0, "acc_enable": 0, "driver_braking": 0, "driver_override": 0, "cf_gway_tsiglhsw": false, "cf_gway_tsigrhsw": false, "cf_clu_cruiseswmain": false, "cf_clu_cruiseswstate": 0}, {"timestamp": 1599107237063.4001, "cyl_pres": 0.8999999761581421, "lat_accel": 0.48873600363731384, "long_accel": 0.5, "yaw_rate": 0.02834019996225834, "cf_mdps_currmode": 0, "cf_mdps_stat": 0, "cf_mdps_wlmp": 0, "cr_mdps_drvtq": 0.0, "cr_mdps_strang": 0.0, "cf_mdps_def": false, "cr_mdps_outtq": 0.0, "cr_mdps_strcoltq": 0.0, "cr_mdps_strtq": 0.0, "sas_angle": 3.6055667400360107, "sas_speed": 0.0, "esc_off_step": 0, "cf_esc_act": false, "cf_esc_ctrmode": 0, "cf_esc_def": false, "cr_esc_strtqreq": 0.0, "whl_spd_fl": 46.153297424316406, "whl_spd_fr": 46.340782165527344, "whl_spd_rl": 46.96574401855469, "whl_spd_rr": 46.99699020385742, "aeb_failinfo": 0, "can1_alive": 0, "cr_yrs_latac": 0.0, "cr_yrs_yr": 0.0, "cf_yrs_ax": 0.0, "gear": 0, "acc_enable": 0, "driver_braking": 0, "driver_override": 0, "cf_gway_tsiglhsw": false, "cf_gway_tsigrhsw": false, "cf_clu_cruiseswmain": false, "cf_clu_cruiseswstate": 0}, {"timestamp": 1599107237083.432, "cyl_pres": 0.8999999761581421, "lat_accel": 0.4116320013999939, "long_accel": 0.5, "yaw_rate": 0.02851100079715252, "cf_mdps_currmode": 0, "cf_mdps_stat": 0, "cf_mdps_wlmp": 0, "cr_mdps_drvtq": 0.0, "cr_mdps_strang": 0.0, "cf_mdps_def": false, "cr_mdps_outtq": 0.0, "cr_mdps_strcoltq": 0.0, "cr_mdps_strtq": 0.0, "sas_angle": 3.6055667400360107, "sas_speed": 0.0, "esc_off_step": 0, "cf_esc_act": false, "cf_esc_ctrmode": 0, "cf_esc_def": false, "cr_esc_strtqreq": 0.0, "whl_spd_fl": 46.30953598022461, "whl_spd_fr": 46.40327835083008, "whl_spd_rl": 46.93449783325195, "whl_spd_rr": 47.090736389160156, "aeb_failinfo": 0, "can1_alive": 0, "cr_yrs_latac": 0.0, "cr_yrs_yr": 0.0, "cf_yrs_ax": 0.0, "gear": 0, "acc_enable": 0, "driver_braking": 0, "driver_override": 0, "cf_gway_tsiglhsw": false, "cf_gway_tsigrhsw": false, "cf_clu_cruiseswmain": false, "cf_clu_cruiseswstate": 0}, {"timestamp": 1599107237103.4182, "cyl_pres": 0.8999999761581421, "lat_accel": 0.3481920063495636, "long_accel": 0.5, "yaw_rate": 0.02851100079715252, "cf_mdps_currmode": 0, "cf_mdps_stat": 0, "cf_mdps_wlmp": 0, "cr_mdps_drvtq": 0.0, "cr_mdps_strang": 0.0, "cf_mdps_def": false, "cr_mdps_outtq": 0.0, "cr_mdps_strcoltq": 0.0, "cr_mdps_strtq": 0.0, "sas_angle": 3.6055667400360107, "sas_speed": 0.0, "esc_off_step": 0, "cf_esc_act": false, "cf_esc_ctrmode": 0, "cf_esc_def": false, "cr_esc_strtqreq": 0.0, "whl_spd_fl": 46.40327835083008, "whl_spd_fr": 46.653263092041016, "whl_spd_rl": 46.96574401855469, "whl_spd_rr": 47.059486389160156, "aeb_failinfo": 0, "can1_alive": 0, "cr_yrs_latac": 0.0, "cr_yrs_yr": 0.0, "cf_yrs_ax": 0.0, "gear": 0, "acc_enable": 0, "driver_braking": 0, "driver_override": 0, "cf_gway_tsiglhsw": false, "cf_gway_tsigrhsw": false, "cf_clu_cruiseswmain": false, "cf_clu_cruiseswstate": 0}, {"timestamp": 1599107237123.421, "cyl_pres": 0.8999999761581421, "lat_accel": 0.48629599809646606, "long_accel": 0.6000000238418579, "yaw_rate": 0.02851100079715252, "cf_mdps_currmode": 0, "cf_mdps_stat": 0, "cf_mdps_wlmp": 0, "cr_mdps_drvtq": 0.0, "cr_mdps_strang": 0.0, "cf_mdps_def": false, "cr_mdps_outtq": 0.0, "cr_mdps_strcoltq": 0.0, "cr_mdps_strtq": 0.0, "sas_angle": 3.6055667400360107, "sas_speed": 0.0, "esc_off_step": 0, "cf_esc_act": false, "cf_esc_ctrmode": 0, "cf_esc_def": false, "cr_esc_strtqreq": 0.0, "whl_spd_fl": 46.46577453613281, "whl_spd_fr": 46.59076690673828, "whl_spd_rl": 46.96574401855469, "whl_spd_rr": 47.12198257446289, "aeb_failinfo": 0, "can1_alive": 0, "cr_yrs_latac": 0.0, "cr_yrs_yr": 0.0, "cf_yrs_ax": 0.0, "gear": 0, "acc_enable": 0, "driver_braking": 0, "driver_override": 0, "cf_gway_tsiglhsw": false, "cf_gway_tsigrhsw": false, "cf_clu_cruiseswmain": false, "cf_clu_cruiseswstate": 0}, {"timestamp": 1599107237143.418, "cyl_pres": 0.8999999761581421, "lat_accel": 0.43749600648880005, "long_accel": 0.5, "yaw_rate": 0.02851100079715252, "cf_mdps_currmode": 0, "cf_mdps_stat": 0, "cf_mdps_wlmp": 0, "cr_mdps_drvtq": 0.0, "cr_mdps_strang": 0.0, "cf_mdps_def": false, "cr_mdps_outtq": 0.0, "cr_mdps_strcoltq": 0.0, "cr_mdps_strtq": 0.0, "sas_angle": 3.6055667400360107, "sas_speed": 0.0, "esc_off_step": 0, "cf_esc_act": false, "cf_esc_ctrmode": 0, "cf_esc_def": false, "cr_esc_strtqreq": 0.0, "whl_spd_fl": 46.46577453613281, "whl_spd_fr": 46.62201690673828, "whl_spd_rl": 47.215728759765625, "whl_spd_rr": 47.15323257446289, "aeb_failinfo": 0, "can1_alive": 0, "cr_yrs_latac": 0.0, "cr_yrs_yr": 0.0, "cf_yrs_ax": 0.0, "gear": 0, "acc_enable": 0, "driver_braking": 0, "driver_override": 0, "cf_gway_tsiglhsw": false, "cf_gway_tsigrhsw": false, "cf_clu_cruiseswmain": false, "cf_clu_cruiseswstate": 0}]
