[{"timestamp": 1599107272563.4229, "cyl_pres": 0.8999999761581421, "lat_accel": 0.5199679732322693, "long_accel": 0.5, "yaw_rate": 0.01535939984023571, "cf_mdps_currmode": 0, "cf_mdps_stat": 0, "cf_mdps_wlmp": 0, "cr_mdps_drvtq": 0.0, "cr_mdps_strang": 0.0, "cf_mdps_def": false, "cr_mdps_outtq": 0.0, "cr_mdps_strcoltq": 0.0, "cr_mdps_strtq": 0.0, "sas_angle": -0.7047382593154907, "sas_speed": 0.0, "esc_off_step": 0, "cf_esc_act": false, "cf_esc_ctrmode": 0, "cf_esc_def": false, "cr_esc_strtqreq": 0.0, "whl_spd_fl": 39.65371322631836, "whl_spd_fr": 39.65371322631836, "whl_spd_rl": 40.30992126464844, "whl_spd_rr": 40.49740982055664, "aeb_failinfo": 0, "can1_alive": 0, "cr_yrs_latac": 0.0, "cr_yrs_yr": 0.0, "cf_yrs_ax": 0.0, "gear": 0, "acc_enable": 0, "driver_braking": 0, "driver_override": 0, "cf_gway_tsiglhsw": false, "cf_gway_tsigrhsw": false, "cf_clu_cruiseswmain": false, "cf_clu_cruiseswstate": 0}, {"timestamp": 1599107272583.411, "cyl_pres": 0.8999999761581421, "lat_accel": 0.5770639777183533, "long_accel": 0.6000000238418579, "yaw_rate": 0.01399299968034029, "cf_mdps_currmode": 0, "cf_mdps_stat": 0, "cf_mdps_wlmp": 0, "cr_mdps_drvtq": 0.0, "cr_mdps_strang": 0.0, "cf_mdps_def": false, "cr_mdps_outtq": 0.0, "cr_mdps_strcoltq": 0.0, "cr_mdps_strtq": 0.0, "sas_angle": -0.7047382593154907, "sas_speed": 0.0, "esc_off_step": 0, "cf_esc_act": false, "cf_esc_ctrmode": 0, "cf_esc_def": false, "cr_esc_strtqreq": 0.0, "whl_spd_fl": 39.84120178222656, "whl_spd_fr": 39.74745559692383, "whl_spd_rl": 40.091182708740234, "whl_spd_rr": 40.49740982055664, "aeb_failinfo": 0, "can1_alive": 0, "cr_yrs_latac": 0.0, "cr_yrs_yr": 0.0, "cf_yrs_ax": 0.0, "gear": 0, "acc_enable": 0, "driver_braking": 0, "driver_override": 0, "cf_gway_tsiglhsw": false, "cf_gway_tsigrhsw": false, "cf_clu_cruiseswmain": false, "cf_clu_cruiseswstate": 0}, {"timestamp": 1599107272603.406, "cyl_pres": 0.8999999761581421, "lat_accel": 0.3603920042514801, "long_accel": 0.5, "yaw_rate": 0.013224399648606777, "cf_mdps_currmode": 0, "cf_mdps_stat": 0, "cf_mdps_wlmp": 0, "cr_mdps_drvtq": 0.0, "cr_mdps_strang": 0.0, "cf_mdps_def": false, "cr_mdps_outtq": 0.0, "cr_mdps_strcoltq": 0.0, "cr_mdps_strtq": 0.0, "sas_angle": -0.6487602591514587, "sas_speed": 0.0, "esc_off_step": 0, "cf_esc_act": false, "cf_esc_ctrmode": 0, "cf_esc_def": false, "cr_esc_strtqreq": 0.0, "whl_spd_fl": 39.80995178222656, "whl_spd_fr": 39.997440338134766, "whl_spd_rl": 40.434913635253906, "whl_spd_rr": 40.30992126464844, "aeb_failinfo": 0, "can1_alive": 0, "cr_yrs_latac": 0.0, "cr_yrs_yr": 0.0, "cf_yrs_ax": 0.0, "gear": 0, "acc_enable": 0, "driver_braking": 0, "driver_override": 0, "cf_gway_tsiglhsw": false, "cf_gway_tsigrhsw": false, "cf_clu_cruiseswmain": false, "cf_clu_cruiseswstate": 0}, {"timestamp": 1599107272623.442, "cyl_pres": 0.8999999761581421, "lat_accel": 0.457504004240036, "long_accel": 0.5, "yaw_rate": 0.014249200001358986, "cf_mdps_currmode": 0, "cf_mdps_stat": 0, "cf_mdps_wlmp": 0, "cr_mdps_drvtq": 0.0, "cr_mdps_strang": 0.0, "cf_mdps_def": false, "cr_mdps_outtq": 0.0, "cr_mdps_strcoltq": 0.0, "cr_mdps_strtq": 0.0, "sas_angle": -0.6487602591514587, "sas_speed": 0.0, "esc_off_step": 0, "cf_esc_act": false, "cf_esc_ctrmode": 0, "cf_esc_def": false, "cr_esc_strtqreq": 0.0, "whl_spd_fl": 39.591217041015625, "whl_spd_fr": 40.0286865234375, "whl_spd_rl": 40.80988693237305, "whl_spd_rr": 40.403663635253906, "aeb_failinfo": 0, "can1_alive": 0, "cr_yrs_latac": 0.0, "cr_yrs_yr": 0.0, "cf_yrs_ax": 0.0, "gear": 0, "acc_enable": 0, "driver_braking": 0, "driver_override": 0, "cf_gway_tsiglhsw": false, "cf_gway_tsigrhsw": false, "cf_clu_cruiseswmain": false, "cf_clu_cruiseswstate": 0}, {"timestamp": 1599107272643.409, "cyl_pres": 0.8999999761581421, "lat_accel": 0.5497360229492188, "long_accel": 0.6000000238418579, "yaw_rate": 0.01757979951798916, "cf_mdps_currmode": 0, "cf_mdps_stat": 0, "cf_mdps_wlmp": 0, "cr_mdps_drvtq": 0.0, "cr_mdps_strang": 0.0, "cf_mdps_def": false, "cr_mdps_outtq": 0.0, "cr_mdps_strcoltq": 0.0, "cr_mdps_strtq": 0.0, "sas_angle": -0.6487602591514587, "sas_speed": 0.0, "esc_off_step": 0, "cf_esc_act": false, "cf_esc_ctrmode": 0, "cf_esc_def": false, "cr_esc_strtqreq": 0.0, "whl_spd_fl": 39.80995178222656, "whl_spd_fr": 39.77870559692383, "whl_spd_rl": 40.46615982055664, "whl_spd_rr": 40.528656005859375, "aeb_failinfo": 0, "can1_alive": 0, "cr_yrs_latac": 0.0, "cr_yrs_yr": 0.0, "cf_yrs_ax": 0.0, "gear": 0, "acc_enable": 0, "driver_braking": 0, "driver_override": 0, "cf_gway_tsiglhsw": false, "cf_gway_tsigrhsw": false, "cf_clu_cruiseswmain": false, "cf_clu_cruiseswstate": 0}, {"timestamp": 1599107272663.404, "cyl_pres": 0.8999999761581421, "lat_accel": 0.5199679732322693, "long_accel": 0.5, "yaw_rate": 0.020056400448083878, "cf_mdps_currmode": 0, "cf_mdps_stat": 0, "cf_mdps_wlmp": 0, "cr_mdps_drvtq": 0.0, "cr_mdps_strang": 0.0, "cf_mdps_def": false, "cr_mdps_outtq": 0.0, "cr_mdps_strcoltq": 0.0, "cr_mdps_strtq": 0.0, "sas_angle": -0.6487602591514587, "sas_speed": 0.0, "esc_off_step": 0, "cf_esc_act": false, "cf_esc_ctrmode": 0, "cf_esc_def": false, "cr_esc_strtqreq": 0.0, "whl_spd_fl": 39.684959411621094, "whl_spd_fr": 39.93494415283203, "whl_spd_rl": 40.34116744995117, "whl_spd_rr": 40.653648376464844, "aeb_failinfo": 0, "can1_alive": 0, "cr_yrs_latac": 0.0, "cr_yrs_yr": 0.0, "cf_yrs_ax": 0.0, "gear": 0, "acc_enable": 0, "driver_braking": 0, "driver_override": 0, "cf_gway_tsiglhsw": false, "cf_gway_tsigrhsw": false, "cf_clu_cruiseswmain": false, "cf_clu_cruiseswstate": 0}, {"timestamp": 1599107272683.434, "cyl_pres": 0.8999999761581421, "lat_accel": 0.5233839750289917, "long_accel": 0.4000000059604645, "yaw_rate": 0.024241000413894653, "cf_mdps_currmode": 0, "cf_mdps_stat": 0, "cf_mdps_wlmp": 0, "cr_mdps_drvtq": 0.0, "cr_mdps_strang": 0.0, "cf_mdps_def": false, "cr_mdps_outtq": 0.0, "cr_mdps_strcoltq": 0.0, "cr_mdps_strtq": 0.0, "sas_angle": -0.6487602591514587, "sas_speed": 0.0, "esc_off_step": 0, "cf_esc_act": false, "cf_esc_ctrmode": 0, "cf_esc_def": false, "cr_esc_strtqreq": 0.0, "whl_spd_fl": 39.684959411621094, "whl_spd_fr": 40.2474250793457, "whl_spd_rl": 40.46615982055664, "whl_spd_rr": 40.49740982055664, "aeb_failinfo": 0, "can1_alive": 0, "cr_yrs_latac": 0.0, "cr_yrs_yr": 0.0, "cf_yrs_ax": 0.0, "gear": 0, "acc_enable": 0, "driver_braking": 0, "driver_override": 0, "cf_gway_tsiglhsw": false, "cf_gway_tsigrhsw": false, "cf_clu_cruiseswmain": false, "cf_clu_cruiseswstate": 0}, {"timestamp": 1599107272703.419, "cyl_pres": 0.8999999761581421, "lat_accel": 0.47019198536872864, "long_accel": 0.5, "yaw_rate": 0.022703800350427628, "cf_mdps_currmode": 0, "cf_mdps_stat": 0, "cf_mdps_wlmp": 0, "cr_mdps_drvtq": 0.0, "cr_mdps_strang": 0.0, "cf_mdps_def": false, "cr_mdps_outtq": 0.0, "cr_mdps_strcoltq": 0.0, "cr_mdps_strtq": 0.0, "sas_angle": -0.6487602591514587, "sas_speed": 0.0, "esc_off_step": 0, "cf_esc_act": false, "cf_esc_ctrmode": 0, "cf_esc_def": false, "cr_esc_strtqreq": 0.0, "whl_spd_fl": 39.997440338134766, "whl_spd_fr": 40.122432708740234, "whl_spd_rl": 40.46615982055664, "whl_spd_rr": 40.74739074707031, "aeb_failinfo": 0, "can1_alive": 0, "cr_yrs_latac": 0.0, "cr_yrs_yr": 0.0, "cf_yrs_ax": 0.0, "gear": 0, "acc_enable": 0, "driver_braking": 0, "driver_override": 0, "cf_gway_tsiglhsw": false, "cf_gway_tsigrhsw": false, "cf_clu_cruiseswmain": false, "cf_clu_cruiseswstate": 0}, {"timestamp": 1599107272723.4148, "cyl_pres": 0.8999999761581421, "lat_accel": 0.5209439992904663, "long_accel": 0.699999988079071, "yaw_rate": 0.025351200252771378, "cf_mdps_currmode": 0, "cf_mdps_stat": 0, "cf_mdps_wlmp": 0, "cr_mdps_drvtq": 0.0, "cr_mdps_strang": 0.0, "cf_mdps_def": false, "cr_mdps_outtq": 0.0, "cr_mdps_strcoltq": 0.0, "cr_mdps_strtq": 0.0, "sas_angle": -0.6487602591514587, "sas_speed": 0.0, "esc_off_step": 0, "cf_esc_act": false, "cf_esc_ctrmode": 0, "cf_esc_def": false, "cr_esc_strtqreq": 0.0, "whl_spd_fl": 39.93494415283203, "whl_spd_fr": 40.091182708740234, "whl_spd_rl": 40.68489456176758, "whl_spd_rr": 40.653648376464844, "aeb_failinfo": 0, "can1_alive": 0, "cr_yrs_latac": 0.0, "cr_yrs_yr": 0.0, "cf_yrs_ax": 0.0, "gear": 0, "acc_enable": 0, "driver_braking": 0, "driver_override": 0, "cf_gway_tsiglhsw": false, "cf_gway_tsigrhsw": false, "cf_clu_cruiseswmain": false, "cf_clu_cruiseswstate": 0}, {"timestamp": 1599107272743.5479, "cyl_pres": 0.8999999761581421, "lat_accel": 0.599511981010437, "long_accel": 0.5, "yaw_rate": 0.026632200926542282, "cf_mdps_currmode": 0, "cf_mdps_stat": 0, "cf_mdps_wlmp": 0, "cr_mdps_drvtq": 0.0, "cr_mdps_strang": 0.0, "cf_mdps_def": false, "cr_mdps_outtq": 0.0, "cr_mdps_strcoltq": 0.0, "cr_mdps_strtq": 0.0, "sas_angle": -0.6487602591514587, "sas_speed": 0.0, "esc_off_step": 0, "cf_esc_act": false, "cf_esc_ctrmode": 0, "cf_esc_def": false, "cr_esc_strtqreq": 0.0, "whl_spd_fl": 39.90369415283203, "whl_spd_fr": 40.0599365234375, "whl_spd_rl": 40.77864074707031, "whl_spd_rr": 40.622398376464844, "aeb_failinfo": 0, "can1_alive": 0, "cr_yrs_latac": 0.0, "cr_yrs_yr": 0.0, "cf_yrs_ax": 0.0, "gear": 0, "acc_enable": 0, "driver_braking": 0, "driver_override": 0, "cf_gway_tsiglhsw": false, "cf_gway_tsigrhsw": false, "cf_clu_cruiseswmain": false, "cf_clu_cruiseswstate": 0}]
