[{"timestamp": 1599107260963.426, "cyl_pres": 0.8999999761581421, "lat_accel": 0.09784799814224243, "long_accel": 0.4000000059604645, "yaw_rate": 0.0007559999939985573, "cf_mdps_currmode": 0, "cf_mdps_stat": 0, "cf_mdps_wlmp": 0, "cr_mdps_drvtq": 0.0, "cr_mdps_strang": 0.0, "cf_mdps_def": false, "cr_mdps_outtq": 0.0, "cr_mdps_strcoltq": 0.0, "cr_mdps_strtq": 0.0, "sas_angle": -2.7199459075927734, "sas_speed": 0.0, "esc_off_step": 0, "cf_esc_act": false, "cf_esc_ctrmode": 0, "cf_esc_def": false, "cr_esc_strtqreq": 0.0, "whl_spd_fl": 67.55817413330078, "whl_spd_fr": 67.52693176269531, "whl_spd_rl": 68.52686309814453, "whl_spd_rr": 68.49561309814453, "aeb_failinfo": 0, "can1_alive": 0, "cr_yrs_latac": 0.0, "cr_yrs_yr": 0.0, "cf_yrs_ax": 0.0, "gear": 0, "acc_enable": 0, "driver_braking": 0, "driver_override": 0, "cf_gway_tsiglhsw": false, "cf_gway_tsigrhsw": false, "cf_clu_cruiseswmain": false, "cf_clu_cruiseswstate": 0}, {"timestamp": 1599107260983.406, "cyl_pres": 0.8999999761581421, "lat_accel": 0.2632800042629242, "long_accel": 0.4000000059604645, "yaw_rate": 0.0007559999939985573, "cf_mdps_currmode": 0, "cf_mdps_stat": 0, "cf_mdps_wlmp": 0, "cr_mdps_drvtq": 0.0, "cr_mdps_strang": 0.0, "cf_mdps_def": false, "cr_mdps_outtq": 0.0, "cr_mdps_strcoltq": 0.0, "cr_mdps_strtq": 0.0, "sas_angle": -2.216143846511841, "sas_speed": 0.0, "esc_off_step": 0, "cf_esc_act": false, "cf_esc_ctrmode": 0, "cf_esc_def": false, "cr_esc_strtqreq": 0.0, "whl_spd_fl": 67.71441650390625, "whl_spd_fr": 67.55817413330078, "whl_spd_rl": 68.58936309814453, "whl_spd_rr": 68.71435546875, "aeb_failinfo": 0, "can1_alive": 0, "cr_yrs_latac": 0.0, "cr_yrs_yr": 0.0, "cf_yrs_ax": 0.0, "gear": 0, "acc_enable": 0, "driver_braking": 0, "driver_override": 0, "cf_gway_tsiglhsw": false, "cf_gway_tsigrhsw": false, "cf_clu_cruiseswmain": false, "cf_clu_cruiseswstate": 0}, {"timestamp": 1599107261003.456, "cyl_pres": 0.8999999761581421, "lat_accel": -0.004143999889492989, "long_accel": 0.30000001192092896, "yaw_rate": 0.0007559999939985573, "cf_mdps_currmode": 0, "cf_mdps_stat": 0, "cf_mdps_wlmp": 0, "cr_mdps_drvtq": 0.0, "cr_mdps_strang": 0.0, "cf_mdps_def": false, "cr_mdps_outtq": 0.0, "cr_mdps_strcoltq": 0.0, "cr_mdps_strtq": 0.0, "sas_angle": -2.0482099056243896, "sas_speed": 0.0, "esc_off_step": 0, "cf_esc_act": false, "cf_esc_ctrmode": 0, "cf_esc_def": false, "cr_esc_strtqreq": 0.0, "whl_spd_fl": 67.77690887451172, "whl_spd_fr": 67.68316650390625, "whl_spd_rl": 68.49561309814453, "whl_spd_rr": 68.65185546875, "aeb_failinfo": 0, "can1_alive": 0, "cr_yrs_latac": 0.0, "cr_yrs_yr": 0.0, "cf_yrs_ax": 0.0, "gear": 0, "acc_enable": 0, "driver_braking": 0, "driver_override": 0, "cf_gway_tsiglhsw": false, "cf_gway_tsigrhsw": false, "cf_clu_cruiseswmain": false, "cf_clu_cruiseswstate": 0}, {"timestamp": 1599107261023.428, "cyl_pres": 0.8999999761581421, "lat_accel": 0.13395999372005463, "long_accel": 0.30000001192092896, "yaw_rate": 0.0007559999939985573, "cf_mdps_currmode": 0, "cf_mdps_stat": 0, "cf_mdps_wlmp": 0, "cr_mdps_drvtq": 0.0, "cr_mdps_strang": 0.0, "cf_mdps_def": false, "cr_mdps_outtq": 0.0, "cr_mdps_strcoltq": 0.0, "cr_mdps_strtq": 0.0, "sas_angle": -1.8242980241775513, "sas_speed": 0.0, "esc_off_step": 0, "cf_esc_act": false, "cf_esc_ctrmode": 0, "cf_esc_def": false, "cr_esc_strtqreq": 0.0, "whl_spd_fl": 67.55817413330078, "whl_spd_fr": 67.71441650390625, "whl_spd_rl": 68.2768783569336, "whl_spd_rr": 68.55811309814453, "aeb_failinfo": 0, "can1_alive": 0, "cr_yrs_latac": 0.0, "cr_yrs_yr": 0.0, "cf_yrs_ax": 0.0, "gear": 0, "acc_enable": 0, "driver_braking": 0, "driver_override": 0, "cf_gway_tsiglhsw": false, "cf_gway_tsigrhsw": false, "cf_clu_cruiseswmain": false, "cf_clu_cruiseswstate": 0}, {"timestamp": 1599107261043.427, "cyl_pres": 0.8999999761581421, "lat_accel": 0.36185601353645325, "long_accel": 0.4000000059604645, "yaw_rate": 0.0007559999939985573, "cf_mdps_currmode": 0, "cf_mdps_stat": 0, "cf_mdps_wlmp": 0, "cr_mdps_drvtq": 0.0, "cr_mdps_strang": 0.0, "cf_mdps_def": false, "cr_mdps_outtq": 0.0, "cr_mdps_strcoltq": 0.0, "cr_mdps_strtq": 0.0, "sas_angle": -1.7123420238494873, "sas_speed": 0.0, "esc_off_step": 0, "cf_esc_act": false, "cf_esc_ctrmode": 0, "cf_esc_def": false, "cr_esc_strtqreq": 0.0, "whl_spd_fl": 67.77690887451172, "whl_spd_fr": 68.12064361572266, "whl_spd_rl": 68.58936309814453, "whl_spd_rr": 68.49561309814453, "aeb_failinfo": 0, "can1_alive": 0, "cr_yrs_latac": 0.0, "cr_yrs_yr": 0.0, "cf_yrs_ax": 0.0, "gear": 0, "acc_enable": 0, "driver_braking": 0, "driver_override": 0, "cf_gway_tsiglhsw": false, "cf_gway_tsigrhsw": false, "cf_clu_cruiseswmain": false, "cf_clu_cruiseswstate": 0}, {"timestamp": 1599107261063.4102, "cyl_pres": 0.8999999761581421, "lat_accel": 0.21984800696372986, "long_accel": 0.4000000059604645, "yaw_rate": 0.0028909998945891857, "cf_mdps_currmode": 0, "cf_mdps_stat": 0, "cf_mdps_wlmp": 0, "cr_mdps_drvtq": 0.0, "cr_mdps_strang": 0.0, "cf_mdps_def": false, "cr_mdps_outtq": 0.0, "cr_mdps_strcoltq": 0.0, "cr_mdps_strtq": 0.0, "sas_angle": -1.5444080829620361, "sas_speed": 0.0, "esc_off_step": 0, "cf_esc_act": false, "cf_esc_ctrmode": 0, "cf_esc_def": false, "cr_esc_strtqreq": 0.0, "whl_spd_fl": 67.49568176269531, "whl_spd_fr": 67.68316650390625, "whl_spd_rl": 68.71435546875, "whl_spd_rr": 68.68310546875, "aeb_failinfo": 0, "can1_alive": 0, "cr_yrs_latac": 0.0, "cr_yrs_yr": 0.0, "cf_yrs_ax": 0.0, "gear": 0, "acc_enable": 0, "driver_braking": 0, "driver_override": 0, "cf_gway_tsiglhsw": false, "cf_gway_tsigrhsw": false, "cf_clu_cruiseswmain": false, "cf_clu_cruiseswstate": 0}, {"timestamp": 1599107261083.4082, "cyl_pres": 0.8999999761581421, "lat_accel": 0.21594400703907013, "long_accel": 0.5, "yaw_rate": 0.007588000036776066, "cf_mdps_currmode": 0, "cf_mdps_stat": 0, "cf_mdps_wlmp": 0, "cr_mdps_drvtq": 0.0, "cr_mdps_strang": 0.0, "cf_mdps_def": false, "cr_mdps_outtq": 0.0, "cr_mdps_strcoltq": 0.0, "cr_mdps_strtq": 0.0, "sas_angle": -1.5444080829620361, "sas_speed": 0.0, "esc_off_step": 0, "cf_esc_act": false, "cf_esc_ctrmode": 0, "cf_esc_def": false, "cr_esc_strtqreq": 0.0, "whl_spd_fl": 67.52693176269531, "whl_spd_fr": 67.46443176269531, "whl_spd_rl": 68.71435546875, "whl_spd_rr": 68.80809783935547, "aeb_failinfo": 0, "can1_alive": 0, "cr_yrs_latac": 0.0, "cr_yrs_yr": 0.0, "cf_yrs_ax": 0.0, "gear": 0, "acc_enable": 0, "driver_braking": 0, "driver_override": 0, "cf_gway_tsiglhsw": false, "cf_gway_tsigrhsw": false, "cf_clu_cruiseswmain": false, "cf_clu_cruiseswstate": 0}, {"timestamp": 1599107261103.432, "cyl_pres": 0.8999999761581421, "lat_accel": 0.29207199811935425, "long_accel": 0.30000001192092896, "yaw_rate": 0.009466799907386303, "cf_mdps_currmode": 0, "cf_mdps_stat": 0, "cf_mdps_wlmp": 0, "cr_mdps_drvtq": 0.0, "cr_mdps_strang": 0.0, "cf_mdps_def": false, "cr_mdps_outtq": 0.0, "cr_mdps_strcoltq": 0.0, "cr_mdps_strtq": 0.0, "sas_angle": -1.5444080829620361, "sas_speed": 0.0, "esc_off_step": 0, "cf_esc_act": false, "cf_esc_ctrmode": 0, "cf_esc_def": false, "cr_esc_strtqreq": 0.0, "whl_spd_fl": 67.96440124511719, "whl_spd_fr": 67.68316650390625, "whl_spd_rl": 68.68310546875, "whl_spd_rr": 68.77684783935547, "aeb_failinfo": 0, "can1_alive": 0, "cr_yrs_latac": 0.0, "cr_yrs_yr": 0.0, "cf_yrs_ax": 0.0, "gear": 0, "acc_enable": 0, "driver_braking": 0, "driver_override": 0, "cf_gway_tsiglhsw": false, "cf_gway_tsigrhsw": false, "cf_clu_cruiseswmain": false, "cf_clu_cruiseswstate": 0}, {"timestamp": 1599107261123.416, "cyl_pres": 0.8999999761581421, "lat_accel": 0.30476000905036926, "long_accel": 0.20000000298023224, "yaw_rate": 0.009723000228404999, "cf_mdps_currmode": 0, "cf_mdps_stat": 0, "cf_mdps_wlmp": 0, "cr_mdps_drvtq": 0.0, "cr_mdps_strang": 0.0, "cf_mdps_def": false, "cr_mdps_outtq": 0.0, "cr_mdps_strcoltq": 0.0, "cr_mdps_strtq": 0.0, "sas_angle": -1.4324520826339722, "sas_speed": 0.0, "esc_off_step": 0, "cf_esc_act": false, "cf_esc_ctrmode": 0, "cf_esc_def": false, "cr_esc_strtqreq": 0.0, "whl_spd_fl": 67.71441650390625, "whl_spd_fr": 68.02689361572266, "whl_spd_rl": 68.52686309814453, "whl_spd_rr": 68.77684783935547, "aeb_failinfo": 0, "can1_alive": 0, "cr_yrs_latac": 0.0, "cr_yrs_yr": 0.0, "cf_yrs_ax": 0.0, "gear": 0, "acc_enable": 0, "driver_braking": 0, "driver_override": 0, "cf_gway_tsiglhsw": false, "cf_gway_tsigrhsw": false, "cf_clu_cruiseswmain": false, "cf_clu_cruiseswstate": 0}, {"timestamp": 1599107261143.424, "cyl_pres": 0.8999999761581421, "lat_accel": 0.5409520268440247, "long_accel": 0.4000000059604645, "yaw_rate": 0.009723000228404999, "cf_mdps_currmode": 0, "cf_mdps_stat": 0, "cf_mdps_wlmp": 0, "cr_mdps_drvtq": 0.0, "cr_mdps_strang": 0.0, "cf_mdps_def": false, "cr_mdps_outtq": 0.0, "cr_mdps_strcoltq": 0.0, "cr_mdps_strtq": 0.0, "sas_angle": -1.3204960823059082, "sas_speed": 0.0, "esc_off_step": 0, "cf_esc_act": false, "cf_esc_ctrmode": 0, "cf_esc_def": false, "cr_esc_strtqreq": 0.0, "whl_spd_fl": 67.87065887451172, "whl_spd_fr": 67.93315124511719, "whl_spd_rl": 68.52686309814453, "whl_spd_rr": 68.49561309814453, "aeb_failinfo": 0, "can1_alive": 0, "cr_yrs_latac": 0.0, "cr_yrs_yr": 0.0, "cf_yrs_ax": 0.0, "gear": 0, "acc_enable": 0, "driver_braking": 0, "driver_override": 0, "cf_gway_tsiglhsw": false, "cf_gway_tsigrhsw": false, "cf_clu_cruiseswmain": false, "cf_clu_cruiseswstate": 0}]
