[{"timestamp": 1599107745263.399, "cyl_pres": 0.8999999761581421, "lat_accel": 0.39552798867225647, "long_accel": 0.20000000298023224, "yaw_rate": 0.03098759986460209, "cf_mdps_currmode": 0, "cf_mdps_stat": 0, "cf_mdps_wlmp": 0, "cr_mdps_drvtq": 0.0, "cr_mdps_strang": 0.0, "cf_mdps_def": false, "cr_mdps_outtq": 0.0, "cr_mdps_strcoltq": 0.0, "cr_mdps_strtq": 0.0, "sas_angle": 2.2061171531677246, "sas_speed": 0.0, "esc_off_step": 0, "cf_esc_act": false, "cf_esc_ctrmode": 0, "cf_esc_def": false, "cr_esc_strtqreq": 0.0, "whl_spd_fl": 48.93436813354492, "whl_spd_fr": 50.68425750732422, "whl_spd_rl": 51.027984619140625, "whl_spd_rr": 51.4654541015625, "aeb_failinfo": 0, "can1_alive": 0, "cr_yrs_latac": 0.0, "cr_yrs_yr": 0.0, "cf_yrs_ax": 0.0, "gear": 0, "acc_enable": 0, "driver_braking": 0, "driver_override": 0, "cf_gway_tsiglhsw": false, "cf_gway_tsigrhsw": false, "cf_clu_cruiseswmain": false, "cf_clu_cruiseswstate": 0}, {"timestamp": 1599107745283.407, "cyl_pres": 0.8999999761581421, "lat_accel": 1.0401760339736938, "long_accel": 0.4000000059604645, "yaw_rate": 0.02552199922502041, "cf_mdps_currmode": 0, "cf_mdps_stat": 0, "cf_mdps_wlmp": 0, "cr_mdps_drvtq": 0.0, "cr_mdps_strang": 0.0, "cf_mdps_def": false, "cr_mdps_outtq": 0.0, "cr_mdps_strcoltq": 0.0, "cr_mdps_strtq": 0.0, "sas_angle": 2.374051094055176, "sas_speed": 0.0, "esc_off_step": 0, "cf_esc_act": false, "cf_esc_ctrmode": 0, "cf_esc_def": false, "cr_esc_strtqreq": 0.0, "whl_spd_fl": 50.65300750732422, "whl_spd_fr": 50.65300750732422, "whl_spd_rl": 50.871742248535156, "whl_spd_rr": 51.18422317504883, "aeb_failinfo": 0, "can1_alive": 0, "cr_yrs_latac": 0.0, "cr_yrs_yr": 0.0, "cf_yrs_ax": 0.0, "gear": 0, "acc_enable": 0, "driver_braking": 0, "driver_override": 0, "cf_gway_tsiglhsw": false, "cf_gway_tsigrhsw": false, "cf_clu_cruiseswmain": false, "cf_clu_cruiseswstate": 0}, {"timestamp": 1599107745303.4119, "cyl_pres": 0.8999999761581421, "lat_accel": -0.12467999756336212, "long_accel": 0.0, "yaw_rate": 0.0256073996424675, "cf_mdps_currmode": 0, "cf_mdps_stat": 0, "cf_mdps_wlmp": 0, "cr_mdps_drvtq": 0.0, "cr_mdps_strang": 0.0, "cf_mdps_def": false, "cr_mdps_outtq": 0.0, "cr_mdps_strcoltq": 0.0, "cr_mdps_strtq": 0.0, "sas_angle": 2.5979630947113037, "sas_speed": 0.0, "esc_off_step": 0, "cf_esc_act": false, "cf_esc_ctrmode": 0, "cf_esc_def": false, "cr_esc_strtqreq": 0.0, "whl_spd_fl": 50.93423843383789, "whl_spd_fr": 50.621761322021484, "whl_spd_rl": 50.93423843383789, "whl_spd_rr": 51.4654541015625, "aeb_failinfo": 0, "can1_alive": 0, "cr_yrs_latac": 0.0, "cr_yrs_yr": 0.0, "cf_yrs_ax": 0.0, "gear": 0, "acc_enable": 0, "driver_braking": 0, "driver_override": 0, "cf_gway_tsiglhsw": false, "cf_gway_tsigrhsw": false, "cf_clu_cruiseswmain": false, "cf_clu_cruiseswstate": 0}, {"timestamp": 1599107745323.4019, "cyl_pres": 0.8999999761581421, "lat_accel": 0.39796799421310425, "long_accel": 0.800000011920929, "yaw_rate": 0.02876720018684864, "cf_mdps_currmode": 0, "cf_mdps_stat": 0, "cf_mdps_wlmp": 0, "cr_mdps_drvtq": 0.0, "cr_mdps_strang": 0.0, "cf_mdps_def": false, "cr_mdps_outtq": 0.0, "cr_mdps_strcoltq": 0.0, "cr_mdps_strtq": 0.0, "sas_angle": 2.5979630947113037, "sas_speed": 0.0, "esc_off_step": 0, "cf_esc_act": false, "cf_esc_ctrmode": 0, "cf_esc_def": false, "cr_esc_strtqreq": 0.0, "whl_spd_fl": 50.996734619140625, "whl_spd_fr": 50.84049606323242, "whl_spd_rl": 51.27796936035156, "whl_spd_rr": 51.4967041015625, "aeb_failinfo": 0, "can1_alive": 0, "cr_yrs_latac": 0.0, "cr_yrs_yr": 0.0, "cf_yrs_ax": 0.0, "gear": 0, "acc_enable": 0, "driver_braking": 0, "driver_override": 0, "cf_gway_tsiglhsw": false, "cf_gway_tsigrhsw": false, "cf_clu_cruiseswmain": false, "cf_clu_cruiseswstate": 0}, {"timestamp": 1599107745343.403, "cyl_pres": 0.8999999761581421, "lat_accel": 0.9952800273895264, "long_accel": 0.800000011920929, "yaw_rate": 0.027571599930524826, "cf_mdps_currmode": 0, "cf_mdps_stat": 0, "cf_mdps_wlmp": 0, "cr_mdps_drvtq": 0.0, "cr_mdps_strang": 0.0, "cf_mdps_def": false, "cr_mdps_outtq": 0.0, "cr_mdps_strcoltq": 0.0, "cr_mdps_strtq": 0.0, "sas_angle": 2.5979630947113037, "sas_speed": 0.0, "esc_off_step": 0, "cf_esc_act": false, "cf_esc_ctrmode": 0, "cf_esc_def": false, "cr_esc_strtqreq": 0.0, "whl_spd_fl": 51.40296173095703, "whl_spd_fr": 50.590511322021484, "whl_spd_rl": 51.18422317504883, "whl_spd_rr": 51.4654541015625, "aeb_failinfo": 0, "can1_alive": 0, "cr_yrs_latac": 0.0, "cr_yrs_yr": 0.0, "cf_yrs_ax": 0.0, "gear": 0, "acc_enable": 0, "driver_braking": 0, "driver_override": 0, "cf_gway_tsiglhsw": false, "cf_gway_tsigrhsw": false, "cf_clu_cruiseswmain": false, "cf_clu_cruiseswstate": 0}, {"timestamp": 1599107745363.405, "cyl_pres": 0.8999999761581421, "lat_accel": -0.17591999471187592, "long_accel": 0.20000000298023224, "yaw_rate": 0.02552199922502041, "cf_mdps_currmode": 0, "cf_mdps_stat": 0, "cf_mdps_wlmp": 0, "cr_mdps_drvtq": 0.0, "cr_mdps_strang": 0.0, "cf_mdps_def": false, "cr_mdps_outtq": 0.0, "cr_mdps_strcoltq": 0.0, "cr_mdps_strtq": 0.0, "sas_angle": 2.709918975830078, "sas_speed": 0.0, "esc_off_step": 0, "cf_esc_act": false, "cf_esc_ctrmode": 0, "cf_esc_def": false, "cr_esc_strtqreq": 0.0, "whl_spd_fl": 50.621761322021484, "whl_spd_fr": 50.93423843383789, "whl_spd_rl": 51.09048080444336, "whl_spd_rr": 51.05923080444336, "aeb_failinfo": 0, "can1_alive": 0, "cr_yrs_latac": 0.0, "cr_yrs_yr": 0.0, "cf_yrs_ax": 0.0, "gear": 0, "acc_enable": 0, "driver_braking": 0, "driver_override": 0, "cf_gway_tsiglhsw": false, "cf_gway_tsigrhsw": false, "cf_clu_cruiseswmain": false, "cf_clu_cruiseswstate": 0}, {"timestamp": 1599107745383.405, "cyl_pres": 0.8999999761581421, "lat_accel": -0.17591999471187592, "long_accel": 0.4000000059604645, "yaw_rate": 0.030218999832868576, "cf_mdps_currmode": 0, "cf_mdps_stat": 0, "cf_mdps_wlmp": 0, "cr_mdps_drvtq": 0.0, "cr_mdps_strang": 0.0, "cf_mdps_def": false, "cr_mdps_outtq": 0.0, "cr_mdps_strcoltq": 0.0, "cr_mdps_strtq": 0.0, "sas_angle": 2.709918975830078, "sas_speed": 0.0, "esc_off_step": 0, "cf_esc_act": false, "cf_esc_ctrmode": 0, "cf_esc_def": false, "cr_esc_strtqreq": 0.0, "whl_spd_fl": 50.15304183959961, "whl_spd_fr": 51.3404655456543, "whl_spd_rl": 51.4654541015625, "whl_spd_rr": 51.4654541015625, "aeb_failinfo": 0, "can1_alive": 0, "cr_yrs_latac": 0.0, "cr_yrs_yr": 0.0, "cf_yrs_ax": 0.0, "gear": 0, "acc_enable": 0, "driver_braking": 0, "driver_override": 0, "cf_gway_tsiglhsw": false, "cf_gway_tsigrhsw": false, "cf_clu_cruiseswmain": false, "cf_clu_cruiseswstate": 0}, {"timestamp": 1599107745403.412, "cyl_pres": 0.8999999761581421, "lat_accel": 0.7971519827842712, "long_accel": 0.699999988079071, "yaw_rate": 0.03397659957408905, "cf_mdps_currmode": 0, "cf_mdps_stat": 0, "cf_mdps_wlmp": 0, "cr_mdps_drvtq": 0.0, "cr_mdps_strang": 0.0, "cf_mdps_def": false, "cr_mdps_outtq": 0.0, "cr_mdps_strcoltq": 0.0, "cr_mdps_strtq": 0.0, "sas_angle": 2.709918975830078, "sas_speed": 0.0, "esc_off_step": 0, "cf_esc_act": false, "cf_esc_ctrmode": 0, "cf_esc_def": false, "cr_esc_strtqreq": 0.0, "whl_spd_fl": 50.40302276611328, "whl_spd_fr": 50.84049606323242, "whl_spd_rl": 51.62169647216797, "whl_spd_rr": 51.965423583984375, "aeb_failinfo": 0, "can1_alive": 0, "cr_yrs_latac": 0.0, "cr_yrs_yr": 0.0, "cf_yrs_ax": 0.0, "gear": 0, "acc_enable": 0, "driver_braking": 0, "driver_override": 0, "cf_gway_tsiglhsw": false, "cf_gway_tsigrhsw": false, "cf_clu_cruiseswmain": false, "cf_clu_cruiseswstate": 0}, {"timestamp": 1599107745423.403, "cyl_pres": 0.8999999761581421, "lat_accel": 0.6556320190429688, "long_accel": -0.10000000149011612, "yaw_rate": 0.03474520146846771, "cf_mdps_currmode": 0, "cf_mdps_stat": 0, "cf_mdps_wlmp": 0, "cr_mdps_drvtq": 0.0, "cr_mdps_strang": 0.0, "cf_mdps_def": false, "cr_mdps_outtq": 0.0, "cr_mdps_strcoltq": 0.0, "cr_mdps_strtq": 0.0, "sas_angle": 2.709918975830078, "sas_speed": 0.0, "esc_off_step": 0, "cf_esc_act": false, "cf_esc_ctrmode": 0, "cf_esc_def": false, "cr_esc_strtqreq": 0.0, "whl_spd_fl": 50.84049606323242, "whl_spd_fr": 50.621761322021484, "whl_spd_rl": 50.902992248535156, "whl_spd_rr": 51.4967041015625, "aeb_failinfo": 0, "can1_alive": 0, "cr_yrs_latac": 0.0, "cr_yrs_yr": 0.0, "cf_yrs_ax": 0.0, "gear": 0, "acc_enable": 0, "driver_braking": 0, "driver_override": 0, "cf_gway_tsiglhsw": false, "cf_gway_tsigrhsw": false, "cf_clu_cruiseswmain": false, "cf_clu_cruiseswstate": 0}, {"timestamp": 1599107745443.402, "cyl_pres": 0.8999999761581421, "lat_accel": -0.01536799967288971, "long_accel": 0.10000000149011612, "yaw_rate": 0.0361969992518425, "cf_mdps_currmode": 0, "cf_mdps_stat": 0, "cf_mdps_wlmp": 0, "cr_mdps_drvtq": 0.0, "cr_mdps_strang": 0.0, "cf_mdps_def": false, "cr_mdps_outtq": 0.0, "cr_mdps_strcoltq": 0.0, "cr_mdps_strtq": 0.0, "sas_angle": 2.709918975830078, "sas_speed": 0.0, "esc_off_step": 0, "cf_esc_act": false, "cf_esc_ctrmode": 0, "cf_esc_def": false, "cr_esc_strtqreq": 0.0, "whl_spd_fl": 50.871742248535156, "whl_spd_fr": 51.09048080444336, "whl_spd_rl": 51.121726989746094, "whl_spd_rr": 51.4654541015625, "aeb_failinfo": 0, "can1_alive": 0, "cr_yrs_latac": 0.0, "cr_yrs_yr": 0.0, "cf_yrs_ax": 0.0, "gear": 0, "acc_enable": 0, "driver_braking": 0, "driver_override": 0, "cf_gway_tsiglhsw": false, "cf_gway_tsigrhsw": false, "cf_clu_cruiseswmain": false, "cf_clu_cruiseswstate": 0}]
